<?xml version="1.0" encoding="utf-8"?>
<PARAMDEF XmlVersion="0">
  <ParamType>BULLET_PARAM</ParamType>
  <Unk06>0</Unk06>
  <BigEndian>False</BigEndian>
  <Unicode>True</Unicode>
  <Version>201</Version>
  <Fields>
    <Field Def="s32 sfx_id" />
    <Field Def="u8 spawn_location" />
    <Field Def="u8 spawn_flag_0" />
    <Field Def="u8 online_visibility" />
    <Field Def="u8 spawn_flag_1" />
    <Field Def="f32 vertical_spawn_distance" />
    <Field Def="f32 unknown_spawn_distance" />
    <Field Def="f32 horizontal_spawn_distance" />
    <Field Def="f32 shooter_horizontal_angle" />
    <Field Def="f32 shooter_unknown_angle_0" />
    <Field Def="f32 shooter_vertical_angle" />
    <Field Def="f32 shooter_unknown_angle_1" />
    <Field Def="f32 vertical_angle_randomizer" />
    <Field Def="f32 horizontal_angle_randomizer" />
    <Field Def="u8 Unk00" />
    <Field Def="u8 Unk01" />
    <Field Def="u8 shoot_count" />
    <Field Def="u8 shoot_sequential_count" />
    <Field Def="u8 Unk02" />
    <Field Def="u8 Unk03" />
    <Field Def="u8 Unk04" />
    <Field Def="u8 Unk05" />
    <Field Def="f32 Unk06" />
    <Field Def="f32 shoot_interval" />
    <Field Def="f32 vertical_spread" />
    <Field Def="f32 horizontal_spread" />
    <Field Def="u8 Unk07" />
    <Field Def="u8 Unk08" />
    <Field Def="u8 Unk09" />
    <Field Def="u8 Unk10" />
    <Field Def="f32 max_life" />
    <Field Def="f32 initial_horizontal_velocity" />
    <Field Def="f32 horizontal_acceleration_start_delay" />
    <Field Def="f32 horizontal_target_velocity" />
    <Field Def="f32 horizontal_max_velocity" />
    <Field Def="f32 initial_vertical_velocity" />
    <Field Def="f32 vertical_acceleration_start_delay" />
    <Field Def="f32 vertical_target_velocity" />
    <Field Def="f32 vertical_max_velocity" />
    <Field Def="f32 initial_tan_vertical_velocity" />
    <Field Def="f32 tan_vertical_acceleration_start_delay" />
    <Field Def="f32 tan_vertical_target_velocity" />
    <Field Def="f32 tan_vertical_max_velocity" />
    <Field Def="f32 initial_tan_horizontal_velocity" />
    <Field Def="f32 tan_horizontal_acceleration_start_delay" />
    <Field Def="f32 tan_horizontal_target_velocity" />
    <Field Def="f32 tan_horizontal_max_velocity" />
    <Field Def="f32 Unk11" />
    <Field Def="f32 max_angle_change" />
    <Field Def="f32 max_tracking_angle_change" />
    <Field Def="f32 max_tracking_time" />
    <Field Def="s32 Unk12" />
    <Field Def="s32 Unk13" />
    <Field Def="f32 Unk14" />
    <Field Def="s32 Unk15" />
    <Field Def="s32 Unk16" />
    <Field Def="u8 hit_character" />
    <Field Def="u8 hit_wall" />
    <Field Def="u8 hit_floor" />
    <Field Def="u8 hit_water" />
    <Field Def="s32 speffect_on_shoot" />
    <Field Def="u8 Unk17" />
    <Field Def="u8 Unk18" />
    <Field Def="u8 Unk19" />
    <Field Def="u8 Unk20" />
    <Field Def="s32 hit_sfx_id" />
    <Field Def="s32 expire_sfx_id" />
    <Field Def="f32 sfx_duration_on_expiration" />
    <Field Def="s32 Unk21" />
    <Field Def="s32 bullet_attach_param_id" />
    <Field Def="s32 Unk22" />
    <Field Def="s32 child_bullet_1_bullet_id" />
    <Field Def="s32 child_bullet_1_damage_id" />
    <Field Def="s32 child_bullet_2_bullet_id" />
    <Field Def="s32 child_bullet_2_damage_id" />
    <Field Def="s32 child_bullet_3_bullet_id" />
    <Field Def="s32 child_bullet_3_damage_id" />
    <Field Def="u8 spawn_child_bullet_on_hit" />
    <Field Def="u8 spawn_child_bullet_on_expire" />
    <Field Def="u8 spawn_child_bullet_on_unknown" />
    <Field Def="u8 spawn_child_bullet_on_alive" />
    <Field Def="s32 Unk23" />
    <Field Def="s32 Unk24" />
    <Field Def="s32 Unk25" />
    <Field Def="s32 Unk26" />
    <Field Def="u8 Unk27" />
    <Field Def="u8 Unk28" />
    <Field Def="u8 Unk29" />
    <Field Def="u8 Unk30" />
    <Field Def="u8 Unk31" />
    <Field Def="u8 Unk32" />
    <Field Def="u8 Unk33" />
    <Field Def="u8 Unk34" />
    <Field Def="f32 Unk35" />
    <Field Def="f32 Unk36" />
    <Field Def="f32 Unk37" />
    <Field Def="s32 Unk38" />
    <Field Def="s32 Unk39" />
    <Field Def="f32 Unk40" />
    <Field Def="f32 Unk41" />
    <Field Def="f32 Unk42" />
    <Field Def="f32 child_bullet_spawn_delay" />
    <Field Def="s32 Unk43" />
    <Field Def="s32 Unk44" />
    <Field Def="s32 Unk45" />
    <Field Def="s32 Unk46" />
    <Field Def="s32 Unk47" />
  </Fields>
</PARAMDEF>
