<?xml version="1.0" encoding="utf-8"?>
<PARAMDEF XmlVersion="0">
  <ParamType>CAMERA_EXFOLLOW_PARAM</ParamType>
  <Unk06>0</Unk06>
  <BigEndian>False</BigEndian>
  <Unicode>True</Unicode>
  <Version>201</Version>
  <Fields>
    <Field Def="s32 Unk00" />
    <Field Def="f32 camera_horizontal_fov" />
    <Field Def="f32 Unk01" />
    <Field Def="f32 camera_width_offset" />
    <Field Def="f32 camera_vertical_distance" />
    <Field Def="f32 camera_length_offset" />
    <Field Def="f32 camera_horizontal_distance" />
    <Field Def="f32 Unk02" />
    <Field Def="f32 no_input_rotation_speed" />
    <Field Def="f32 Unk03" />
    <Field Def="f32 Unk04" />
    <Field Def="f32 follow_speed_factor" />
    <Field Def="f32 Unk05" />
    <Field Def="f32 Unk06" />
    <Field Def="f32 Unk07" />
    <Field Def="f32 Unk08" />
    <Field Def="f32 Unk09" />
    <Field Def="f32 vertical_change_rate" />
    <Field Def="f32 Unk10" />
    <Field Def="f32 Unk11" />
    <Field Def="f32 Unk12" />
    <Field Def="f32 Unk13" />
    <Field Def="f32 Unk14" />
    <Field Def="f32 Unk15" />
    <Field Def="f32 Unk16" />
    <Field Def="f32 Unk17" />
    <Field Def="f32 Unk18" />
    <Field Def="f32 Unk19" />
    <Field Def="f32 Unk20" />
    <Field Def="f32 Unk21" />
    <Field Def="f32 Unk22" />
    <Field Def="f32 Unk23" />
    <Field Def="f32 Unk24" />
    <Field Def="f32 Unk25" />
    <Field Def="f32 Unk26" />
    <Field Def="f32 Unk27" />
    <Field Def="f32 Unk28" />
    <Field Def="f32 Unk29" />
    <Field Def="f32 Unk30" />
    <Field Def="f32 Unk31" />
    <Field Def="f32 Unk32" />
    <Field Def="f32 Unk33" />
    <Field Def="f32 Unk34" />
    <Field Def="f32 Unk35" />
    <Field Def="f32 Unk36" />
    <Field Def="f32 Unk37" />
    <Field Def="f32 Unk38" />
    <Field Def="f32 Unk39" />
    <Field Def="f32 Unk40" />
    <Field Def="f32 Unk41" />
    <Field Def="s32 Unk42" />
    <Field Def="f32 Unk43" />
    <Field Def="f32 Unk44" />
    <Field Def="f32 Unk45" />
    <Field Def="f32 Unk46" />
    <Field Def="f32 Unk47" />
    <Field Def="f32 Unk48" />
    <Field Def="f32 Unk49" />
    <Field Def="f32 Unk50" />
    <Field Def="f32 Unk51" />
    <Field Def="f32 Unk52" />
    <Field Def="f32 Unk53" />
    <Field Def="f32 Unk54" />
    <Field Def="f32 Unk55" />
    <Field Def="f32 Unk56" />
    <Field Def="f32 Unk57" />
    <Field Def="f32 Unk58" />
    <Field Def="f32 Unk59" />
    <Field Def="f32 Unk60" />
    <Field Def="f32 Unk61" />
    <Field Def="f32 Unk62" />
    <Field Def="s32 Unk63" />
    <Field Def="f32 Unk64" />
    <Field Def="f32 vertical_pan_slowdown_start_time" />
    <Field Def="f32 vertical_pan_slowdown_end_time" />
    <Field Def="f32 horizontal_pan_slowdown_start_time" />
    <Field Def="f32 horizontal_pan_slowdown_end_time" />
  </Fields>
</PARAMDEF>