<?xml version="1.0" encoding="utf-8"?>
<PARAMDEF XmlVersion="0">
  <ParamType>CHR_COLOR_PARAM</ParamType>
  <Unk06>0</Unk06>
  <BigEndian>False</BigEndian>
  <Unicode>True</Unicode>
  <Version>201</Version>
  <Fields>
    <Field Def="u8 Unk00" />
    <Field Def="u8 Unk01" />
    <Field Def="u8 Unk02" />
    <Field Def="u8 Unk03" />
    <Field Def="u8 Unk04" />
    <Field Def="u8 Unk05" />
    <Field Def="u8 Unk06" />
    <Field Def="u8 Unk07" />
    <Field Def="u8 Unk08" />
    <Field Def="u8 Unk09" />
    <Field Def="u8 Unk0A" />
    <Field Def="u8 Unk0B" />
    <Field Def="u8 Unk0C" />
    <Field Def="u8 Unk0D" />
    <Field Def="u8 Unk0E" />
    <Field Def="u8 Unk0F" />
    <Field Def="u8 Unk10" />
    <Field Def="u8 Unk11" />
    <Field Def="u8 Unk12" />
    <Field Def="u8 Unk13" />
    <Field Def="u8 Unk14" />
    <Field Def="u8 Unk15" />
    <Field Def="u8 Unk16" />
    <Field Def="u8 Unk17" />
    <Field Def="u8 Unk18" />
    <Field Def="u8 Unk19" />
    <Field Def="u8 Unk1A" />
    <Field Def="u8 Unk1B" />
    <Field Def="u8 Unk1C" />
    <Field Def="u8 Unk1D" />
    <Field Def="u8 Unk1E" />
    <Field Def="u8 Unk1F" />
    <Field Def="u8 Unk20" />
    <Field Def="u8 Unk21" />
    <Field Def="u8 Unk22" />
    <Field Def="u8 Unk23" />
    <Field Def="u8 Unk24" />
    <Field Def="u8 Unk25" />
    <Field Def="u8 Unk26" />
    <Field Def="u8 Unk27" />
    <Field Def="u8 Unk28" />
    <Field Def="u8 Unk29" />
    <Field Def="u8 Unk2A" />
    <Field Def="u8 Unk2B" />
    <Field Def="u8 Unk2C" />
    <Field Def="u8 Unk2D" />
    <Field Def="u8 Unk2E" />
    <Field Def="u8 Unk2F" />
    <Field Def="u8 Unk30" />
    <Field Def="u8 Unk31" />
    <Field Def="u8 Unk32" />
    <Field Def="u8 Unk33" />
    <Field Def="u8 Unk34" />
    <Field Def="u8 Unk35" />
    <Field Def="u8 Unk36" />
    <Field Def="u8 Unk37" />
    <Field Def="u8 Unk38" />
    <Field Def="u8 Unk39" />
    <Field Def="u8 Unk3A" />
    <Field Def="u8 Unk3B" />
    <Field Def="u8 Unk3C" />
    <Field Def="u8 Unk3D" />
    <Field Def="u8 Unk3E" />
    <Field Def="u8 Unk3F" />
    <Field Def="u8 Unk40" />
    <Field Def="u8 Unk41" />
    <Field Def="u8 Unk42" />
    <Field Def="u8 Unk43" />
    <Field Def="u8 Unk44" />
    <Field Def="u8 Unk45" />
    <Field Def="u8 Unk46" />
    <Field Def="u8 Unk47" />
    <Field Def="u8 Unk48" />
    <Field Def="u8 Unk49" />
    <Field Def="u8 Unk4A" />
    <Field Def="u8 Unk4B" />
    <Field Def="u8 Unk4C" />
    <Field Def="u8 Unk4D" />
    <Field Def="u8 Unk4E" />
    <Field Def="u8 Unk4F" />
    <Field Def="u8 Unk50" />
    <Field Def="u8 Unk51" />
    <Field Def="u8 Unk52" />
    <Field Def="u8 Unk53" />
    <Field Def="u8 Unk54" />
    <Field Def="u8 Unk55" />
    <Field Def="u8 Unk56" />
    <Field Def="u8 Unk57" />
    <Field Def="u8 Unk58" />
    <Field Def="u8 Unk59" />
    <Field Def="u8 Unk5A" />
    <Field Def="u8 Unk5B" />
    <Field Def="u8 Unk5C" />
    <Field Def="u8 Unk5D" />
    <Field Def="u8 Unk5E" />
    <Field Def="u8 Unk5F" />
    <Field Def="s32 Unk60" />
    <Field Def="s32 Unk64" />
    <Field Def="s32 Unk68" />
    <Field Def="s32 Unk6C" />
    <Field Def="s32 Unk70" />
    <Field Def="s32 Unk74" />
    <Field Def="s32 Unk78" />
    <Field Def="s32 Unk7C" />
    <Field Def="s32 Unk80" />
    <Field Def="s32 Unk84" />
    <Field Def="s32 Unk88" />
    <Field Def="s32 Unk8C" />
    <Field Def="s32 Unk90" />
    <Field Def="s32 Unk94" />
    <Field Def="s32 Unk98" />
    <Field Def="s32 Unk9C" />
    <Field Def="s32 UnkA0" />
    <Field Def="s32 UnkA4" />
    <Field Def="s32 UnkA8" />
    <Field Def="s32 UnkAC" />
    <Field Def="s32 UnkB0" />
    <Field Def="s32 UnkB4" />
    <Field Def="s32 UnkB8" />
    <Field Def="s32 UnkBC" />
  </Fields>
</PARAMDEF>
