<?xml version="1.0" encoding="utf-8"?>
<PARAMDEF XmlVersion="0">
  <ParamType>CHR_NETWORK_PHANTOM_PARAM</ParamType>
  <Unk06>0</Unk06>
  <BigEndian>False</BigEndian>
  <Unicode>True</Unicode>
  <Version>201</Version>
  <Fields>
    <Field Def="s32 chr_phantom_param_id" />
    <Field Def="s32 chr_full_body_sfx_id_0" />
    <Field Def="s32 chr_full_body_sfx_id_1" />
    <Field Def="s32 chr_full_body_sfx_id_2" />
    <Field Def="s32 chr_full_body_sfx_id_3" />
    <Field Def="u8 Unk00" />
    <Field Def="u8 Unk01" />
    <Field Def="u8 Unk02" />
    <Field Def="u8 Unk03" />
    <Field Def="s32 chr_physics_texture_id" />
    <Field Def="f32 Unk04" />
    <Field Def="s32 dead_type_id" />
    <Field Def="f32 allotted_time" />
    <Field Def="f32 Unk05" />
    <Field Def="s32 Unk06" />
    <Field Def="s32 Unk07" />
    <Field Def="s32 Unk08" />
    <Field Def="f32 Unk09" />
    <Field Def="s32 Unk10" />
    <Field Def="s32 Unk11" />
    <Field Def="f32 Unk12" />
    <Field Def="f32 Unk13" />
    <Field Def="f32 Unk14" />
    <Field Def="s32 Unk15" />
    <Field Def="s32 Unk16" />
    <Field Def="s32 Unk17" />
    <Field Def="f32 Unk18" />
  </Fields>
</PARAMDEF>
