<?xml version="1.0" encoding="utf-8"?>
<PARAMDEF XmlVersion="0">
  <ParamType>DAMAGE_CTRL_PARAM</ParamType>
  <Unk06>0</Unk06>
  <BigEndian>False</BigEndian>
  <Unicode>True</Unicode>
  <Version>201</Version>
  <Fields>
    <Field Def="u8 damage_type" />
    <Field Def="u8 Unk00" />
    <Field Def="u8 stagger_mode" />
    <Field Def="u8 disable_parry" />
    <Field Def="f32 Unk01" />
    <Field Def="f32 damage_guard_bypass_mult" />
    <Field Def="s32 Unk03" />
    <Field Def="u8 stagger_type" />
    <Field Def="u8 Unk04" />
    <Field Def="u8 Unk05" />
    <Field Def="u8 is_instant_kill" />
    <Field Def="u16 posture_damage" />
    <Field Def="u16 Unk06" />
    <Field Def="f32 knockdown_time_mult" />
    <Field Def="f32 Unk07" />
    <Field Def="f32 Unk08" />
    <Field Def="f32 vertical_throw_distance" />
    <Field Def="f32 Unk09" />
    <Field Def="f32 Unk10" />
    <Field Def="f32 Unk11" />
    <Field Def="f32 Unk12" />
    <Field Def="f32 Unk13" />
    <Field Def="f32 Unk14" />
    <Field Def="f32 Unk15" />
    <Field Def="f32 Unk16" />
    <Field Def="f32 Unk17" />
    <Field Def="u16 block_interaction" />
    <Field Def="u16 Unk18" />
    <Field Def="s32 Unk19" />
    <Field Def="s32 camera_noise_param_id" />
    <Field Def="s32 pad_rumble_param_id" />
    <Field Def="f32 pad_rumble_time" />
    <Field Def="f32 Unk20" />
    <Field Def="f32 Unk21" />
    <Field Def="f32 Unk22" />
    <Field Def="f32 Unk23" />
    <Field Def="f32 Unk24" />
    <Field Def="f32 Unk25" />
    <Field Def="f32 Unk26" />
    <Field Def="f32 Unk27" />
    <Field Def="f32 Unk28" />
    <Field Def="s32 damage_window_category_id" />
    <Field Def="f32 instability_time" />
    <Field Def="f32 Unk29" />
    <Field Def="f32 Unk30" />
    <Field Def="u8 Unk31" />
    <Field Def="u8 Unk32" />
    <Field Def="u8 Unk33" />
    <Field Def="u8 Unk34" />
    <Field Def="f32 Unk35" />
    <Field Def="f32 Unk36" />
    <Field Def="f32 poise_damage" />
    <Field Def="f32 tip_hit_min_distance" />
    <Field Def="f32 tip_hit_max_distance" />
    <Field Def="f32 tip_hit_damage_mult" />
    <Field Def="f32 Unk37" />
    <Field Def="f32 tip_hit_posture_damage_mult" />
    <Field Def="f32 tip_hit_poise_damage_mult" />
    <Field Def="f32 Unk38" />
  </Fields>
</PARAMDEF>
