<?xml version="1.0" encoding="utf-8"?>
<PARAMDEF XmlVersion="0">
  <ParamType>DECAL_PARAM</ParamType>
  <Unk06>0</Unk06>
  <BigEndian>False</BigEndian>
  <Unicode>True</Unicode>
  <Version>201</Version>
  <Fields>
    <Field Def="f32 Unk00" />
    <Field Def="f32 Unk01" />
    <Field Def="f32 Unk02" />
    <Field Def="s32 Unk03" />
    <Field Def="u16 Unk04" />
    <Field Def="u16 Unk05" />
    <Field Def="u16 Unk06" />
    <Field Def="u16 Unk07" />
    <Field Def="f32 Unk08" />
    <Field Def="f32 Unk09" />
    <Field Def="f32 Unk10" />
    <Field Def="s32 Unk11" />
  </Fields>
</PARAMDEF>
