<?xml version="1.0" encoding="utf-8"?>
<PARAMDEF XmlVersion="0">
  <ParamType>ENEMY_ATTACK_MOVE_PARAM</ParamType>
  <Unk06>0</Unk06>
  <BigEndian>False</BigEndian>
  <Unicode>True</Unicode>
  <Version>201</Version>
  <Fields>
    <Field Def="f32 Unk00" />
    <Field Def="f32 attack_move_speed" />
    <Field Def="f32 attack_move_turn_rate_1" />
    <Field Def="f32 attack_move_turn_rate_2" />
    <Field Def="f32 Unk10" />
    <Field Def="f32 Unk14" />
    <Field Def="f32 Unk18" />
    <Field Def="f32 Unk1C" />
    <Field Def="f32 Unk20" />
    <Field Def="f32 Unk24" />
    <Field Def="f32 Unk28" />
    <Field Def="f32 Unk2C" />
    <Field Def="f32 Unk30" />
    <Field Def="s32 Unk34" />
  </Fields>
</PARAMDEF>
