<?xml version="1.0" encoding="utf-8"?>
<PARAMDEF XmlVersion="0">
  <ParamType>FALLING_PARAM</ParamType>
  <Unk06>0</Unk06>
  <BigEndian>False</BigEndian>
  <Unicode>True</Unicode>
  <Version>201</Version>
  <Fields>
    <Field Def="f32 breakpoint_1_damage_mult" />
    <Field Def="f32 breakpoint_2_damage_mult" />
    <Field Def="f32 breakpoint_3_damage_mult" />
    <Field Def="f32 breakpoint_4_damage_mult" />
    <Field Def="f32 Unk10" />
    <Field Def="f32 Unk14" />
    <Field Def="f32 Unk18" />
    <Field Def="f32 Unk1C" />
  </Fields>
</PARAMDEF>
