<?xml version="1.0" encoding="utf-8"?>
<PARAMDEF XmlVersion="0">
  <ParamType>GENERATOR_LOCATION_PARAM</ParamType>
  <Unk06>0</Unk06>
  <BigEndian>False</BigEndian>
  <Unicode>True</Unicode>
  <Version>201</Version>
  <Fields>
    <Field Def="f32 PositionX" />
    <Field Def="f32 PositionY" />
    <Field Def="f32 PositionZ" />
    <Field Def="f32 RotationX" />
    <Field Def="f32 RotationY" />
    <Field Def="f32 RotationZ" />
    <Field Def="u32 LocUnk18" />
    <Field Def="u32 LocUnk1C" />
  </Fields>
</PARAMDEF>
