<?xml version="1.0" encoding="utf-8"?>
<PARAMDEF XmlVersion="0">
  <ParamType>ITEM_TYPE_PARAM</ParamType>
  <Unk06>0</Unk06>
  <BigEndian>False</BigEndian>
  <Unicode>True</Unicode>
  <Version>201</Version>
  <Fields>
    <Field Def="s32 Unk00" />
    <Field Def="f32 movement_correction_amount" />
    <Field Def="f32 movement_correction_delay" />
    <Field Def="f32 Unk01" />
    <Field Def="s32 animation_index" />
    <Field Def="s32 Unk02" />
    <Field Def="u8 Unk03" />
    <Field Def="u8 Unk04" />
    <Field Def="u8 Unk05" />
    <Field Def="u8 Unk06" />
  </Fields>
</PARAMDEF>
