<?xml version="1.0" encoding="utf-8"?>
<PARAMDEF XmlVersion="0">
  <ParamType>KEY_GUIDE_PARAM</ParamType>
  <Unk06>0</Unk06>
  <BigEndian>False</BigEndian>
  <Unicode>True</Unicode>
  <Version>201</Version>
  <Fields>
    <Field Def="s32 obj_act_id" />
    <Field Def="f32 activation_radius" />
    <Field Def="f32 Unk00" />
    <Field Def="f32 Unk01" />
    <Field Def="f32 Unk02" />
    <Field Def="s16 Unk03" />
    <Field Def="s16 Unk04" />
    <Field Def="s16 Unk05" />
    <Field Def="u8 Unk06" />
    <Field Def="u8 Unk07" />
  </Fields>
</PARAMDEF>
