<?xml version="1.0" encoding="utf-8"?>
<PARAMDEF XmlVersion="0">
  <ParamType>LOCK_ON_PARAM</ParamType>
  <Unk06>0</Unk06>
  <BigEndian>False</BigEndian>
  <Unicode>True</Unicode>
  <Version>201</Version>
  <Fields>
    <Field Def="f32 distance_0" />
    <Field Def="f32 distance_1" />
    <Field Def="f32 distance_2" />
    <Field Def="f32 fov_0" />
    <Field Def="f32 fov_1" />
    <Field Def="f32 Unk00" />
    <Field Def="f32 Unk01" />
    <Field Def="f32 max_dist_behind_player" />
  </Fields>
</PARAMDEF>
