<?xml version="1.0" encoding="utf-8"?>
<PARAMDEF XmlVersion="0">
  <ParamType>MAP_OBJECT_BONFIRE_PARAM</ParamType>
  <Unk06>0</Unk06>
  <BigEndian>False</BigEndian>
  <Unicode>True</Unicode>
  <Version>201</Version>
  <Fields>
    <Field Def="s32 area_id" />
    <Field Def="s32 Unk00" />
    <Field Def="f32 Unk01" />
    <Field Def="f32 Unk02" />
    <Field Def="s32 Unk03" />
    <Field Def="f32 Unk04" />
    <Field Def="f32 Unk05" />
    <Field Def="s32 fog_door_id" />
    <Field Def="u8 Unk06" />
    <Field Def="u8 Unk07" />
    <Field Def="u8 Unk08" />
    <Field Def="u8 Unk09" />
    <Field Def="s32 bonfire_lit_flag" />
    <Field Def="s32 Unk10" />
    <Field Def="s32 Unk11" />
  </Fields>
</PARAMDEF>
