<?xml version="1.0" encoding="utf-8"?>
<PARAMDEF XmlVersion="0">
  <ParamType>MENU_STATS_PARAM</ParamType>
  <Unk06>0</Unk06>
  <BigEndian>False</BigEndian>
  <Unicode>True</Unicode>
  <Version>201</Version>
  <Fields>
    <Field Def="u16 stat_hp" />
    <Field Def="u16 stat_stamina" />
    <Field Def="u8 Unk00" />
    <Field Def="u8 stat_cast_tier" />
    <Field Def="u16 stat_attunement_slots" />
    <Field Def="u16 stat_cast_speed" />
    <Field Def="u16 stat_strength_bonus" />
    <Field Def="u16 stat_dexterity_bonus" />
    <Field Def="u16 stat_magic_bonus" />
    <Field Def="u16 stat_lightning_bonus" />
    <Field Def="u16 stat_fire_bonus" />
    <Field Def="u16 stat_dark_bonus" />
    <Field Def="u16 stat_poison_bonus" />
    <Field Def="u16 stat_bleed_bonus" />
    <Field Def="u16 Unk01" />
    <Field Def="u16 stat_physical_defence" />
    <Field Def="u16 stat_magic_defence" />
    <Field Def="u16 stat_lightning_defence" />
    <Field Def="u16 stat_fire_defence" />
    <Field Def="u16 stat_dark_defence" />
    <Field Def="u16 stat_poison_defence" />
    <Field Def="u16 stat_bleed_defence" />
    <Field Def="u16 Unk02" />
    <Field Def="u16 stat_petrify_defence" />
    <Field Def="u16 stat_curse_defence" />
    <Field Def="u16 Unk03" />
    <Field Def="u16 stat_agility" />
    <Field Def="u16 stat_mundane_bonus" />
    <Field Def="u16 Unk04" />
    <Field Def="f32 stat_equip_load" />
  </Fields>
</PARAMDEF>
