<?xml version="1.0" encoding="utf-8"?>
<PARAMDEF XmlVersion="0">
  <ParamType>NPC_GENERATE_PARAM</ParamType>
  <Unk06>0</Unk06>
  <BigEndian>False</BigEndian>
  <Unicode>True</Unicode>
  <Version>201</Version>
  <Fields>
    <Field Def="s32 npc_info_id" />
    <Field Def="s32 Unk01" />
    <Field Def="s32 Unk02" />
    <Field Def="f32 Unk03" />
    <Field Def="f32 Unk04" />
    <Field Def="f32 Unk05" />
    <Field Def="s32 Unk06" />
    <Field Def="s32 right_weapon_id_1" />
    <Field Def="s32 right_weapon_id_2" />
    <Field Def="s32 right_weapon_id_3" />
    <Field Def="s32 left_weapon_id_1" />
    <Field Def="s32 left_weapon_id_2" />
    <Field Def="s32 left_weapon_id_3" />
    <Field Def="s32 head_armor_id" />
    <Field Def="s32 chest_armor_id" />
    <Field Def="s32 hands_armor_id" />
    <Field Def="s32 legs_armor_id" />
    <Field Def="s32 Unk07" />
    <Field Def="s32 Unk08" />
  </Fields>
</PARAMDEF>
