<?xml version="1.0" encoding="utf-8"?>
<PARAMDEF XmlVersion="0">
  <ParamType>PLAYER_COMMON_PARAM</ParamType>
  <Unk06>0</Unk06>
  <BigEndian>False</BigEndian>
  <Unicode>True</Unicode>
  <Version>201</Version>
  <Fields>
    <Field Def="f32 Unk00" />
    <Field Def="f32 Unk04" />
    <Field Def="f32 roll_input_wait_time" />
    <Field Def="f32 sprint_stamina_drain_time" />
    <Field Def="f32 out_of_stamina_state_time" />
    <Field Def="f32 Unk14" />
    <Field Def="f32 Unk18" />
    <Field Def="f32 min_speed_for_jump" />
    <Field Def="f32 Unk20" />
    <Field Def="f32 Unk24" />
    <Field Def="f32 Unk28" />
    <Field Def="f32 Unk2C" />
    <Field Def="f32 Unk30" />
    <Field Def="f32 Unk34" />
    <Field Def="f32 Unk38" />
    <Field Def="f32 Unk3C" />
    <Field Def="f32 Unk40" />
    <Field Def="f32 Unk44" />
    <Field Def="f32 Unk48" />
    <Field Def="f32 Unk4C" />
    <Field Def="f32 Unk50" />
    <Field Def="f32 Unk54" />
    <Field Def="f32 Unk58" />
    <Field Def="f32 Unk5C" />
    <Field Def="f32 Unk60" />
    <Field Def="f32 Unk64" />
    <Field Def="f32 Unk68" />
    <Field Def="s32 Unk6C" />
    <Field Def="f32 Unk70" />
    <Field Def="f32 Unk74" />
    <Field Def="f32 Unk78" />
    <Field Def="f32 Unk7C" />
    <Field Def="f32 Unk80" />
    <Field Def="f32 Unk84" />
    <Field Def="f32 Unk88" />
    <Field Def="f32 Unk8C" />
    <Field Def="f32 Unk90" />
    <Field Def="f32 Unk94" />
    <Field Def="f32 Unk98" />
    <Field Def="f32 Unk9C" />
    <Field Def="f32 UnkA0" />
    <Field Def="f32 UnkA4" />
    <Field Def="f32 UnkA8" />
    <Field Def="f32 UnkAC" />
    <Field Def="f32 UnkB0" />
    <Field Def="f32 UnkB4" />
    <Field Def="f32 UnkB8" />
    <Field Def="f32 UnkBC" />
    <Field Def="f32 UnkC0" />
    <Field Def="f32 UnkC4" />
    <Field Def="s32 UnkC8" />
    <Field Def="s32 UnkCC" />
    <Field Def="f32 UnkD0" />
    <Field Def="f32 UnkD4" />
    <Field Def="f32 UnkD8" />
    <Field Def="f32 UnkDC" />
    <Field Def="f32 UnkE0" />
    <Field Def="f32 UnkE4" />
    <Field Def="f32 UnkE8" />
    <Field Def="f32 UnkEC" />
    <Field Def="f32 UnkF0" />
    <Field Def="f32 UnkF4" />
    <Field Def="f32 UnkF8" />
    <Field Def="f32 UnkFC" />
    <Field Def="f32 Unk100" />
    <Field Def="f32 Unk104" />
    <Field Def="f32 Unk108" />
    <Field Def="f32 Unk10C" />
    <Field Def="f32 item_discovery_mult_ng0" />
    <Field Def="f32 item_discovery_mult_ng1" />
    <Field Def="f32 item_discovery_mult_ng2" />
    <Field Def="f32 item_discovery_mult_ng3" />
    <Field Def="f32 item_discovery_mult_ng4" />
    <Field Def="f32 item_discovery_mult_ng5" />
    <Field Def="f32 item_discovery_mult_ng6" />
    <Field Def="f32 item_discovery_mult_ng7" />
    <Field Def="f32 Unk130" />
    <Field Def="f32 Unk134" />
    <Field Def="f32 Unk138" />
    <Field Def="f32 Unk13C" />
    <Field Def="f32 Unk140" />
    <Field Def="f32 Unk144" />
    <Field Def="f32 Unk148" />
    <Field Def="f32 Unk14C" />
    <Field Def="f32 Unk150" />
    <Field Def="f32 chr_hit_durability_drain" />
    <Field Def="f32 map_hit_durability_drain" />
    <Field Def="f32 spell_use_durability_drain" />
    <Field Def="f32 move_bullet_durability_drain" />
    <Field Def="f32 Unk164" />
    <Field Def="f32 Unk168" />
    <Field Def="f32 Unk16C" />
    <Field Def="f32 Unk170" />
    <Field Def="f32 Unk174" />
    <Field Def="f32 Unk178" />
    <Field Def="s32 Unk17C" />
    <Field Def="f32 pvp_backstab_damage_mult" />
    <Field Def="f32 pvp_riposte_damage_mult" />
    <Field Def="f32 pvp_guardbreak_damage_mult" />
    <Field Def="f32 Unk18C" />
    <Field Def="f32 Unk190" />
    <Field Def="f32 Unk194" />
    <Field Def="f32 Unk198" />
    <Field Def="f32 Unk19C" />
    <Field Def="f32 Unk1A0" />
    <Field Def="f32 Unk1A4" />
    <Field Def="f32 Unk1A8" />
    <Field Def="f32 Unk1AC" />
    <Field Def="f32 Unk1B0" />
    <Field Def="f32 Unk1B4" />
  </Fields>
</PARAMDEF>
