<?xml version="1.0" encoding="utf-8"?>
<PARAMDEF XmlVersion="0">
  <ParamType>PLAYER_LIGHT_PARAM</ParamType>
  <Unk06>0</Unk06>
  <BigEndian>False</BigEndian>
  <Unicode>True</Unicode>
  <Version>201</Version>
  <Fields>
    <Field Def="f32 offset_x" />
    <Field Def="f32 offset_y" />
    <Field Def="f32 offset_z" />
    <Field Def="u8 diffuse_color_r" />
    <Field Def="u8 diffuse_color_g" />
    <Field Def="u8 diffuse_color_b" />
    <Field Def="u8 diffuse_color_a" />
    <Field Def="u8 specular_color_r" />
    <Field Def="u8 specular_color_g" />
    <Field Def="u8 specular_color_b" />
    <Field Def="u8 specular_color_a" />
    <Field Def="s16 diffuse_color_intensity" />
    <Field Def="s16 specular_color_intensity" />
    <Field Def="f32 light_radius" />
    <Field Def="f32 Unk00" />
    <Field Def="f32 shadow_strength" />
    <Field Def="s16 Unk01" />
    <Field Def="s16 Unk02" />
    <Field Def="f32 Unk03" />
    <Field Def="f32 Unk04" />
    <Field Def="f32 Unk05" />
    <Field Def="f32 Unk06" />
    <Field Def="u32 can_cast_shadows" />
  </Fields>
</PARAMDEF>
