<?xml version="1.0" encoding="utf-8"?>
<PARAMDEF XmlVersion="0">
  <ParamType>PLAYER_STATUS_PARAM</ParamType>
  <Unk06>0</Unk06>
  <BigEndian>False</BigEndian>
  <Unicode>True</Unicode>
  <Version>201</Version>
  <Fields>
    <Field Def="u8 body_type" />
    <Field Def="u8 hollowing_type" />
    <Field Def="u16 body_build_type" />
    <Field Def="u16 soul_level" />
    <Field Def="u16 vigor" />
    <Field Def="s32 souls" />
    <Field Def="u16 endurance" />
    <Field Def="u16 attunement" />
    <Field Def="u16 vitality" />
    <Field Def="u16 strength" />
    <Field Def="u16 dexterity" />
    <Field Def="u16 intelligence" />
    <Field Def="u16 faith" />
    <Field Def="u16 adaptability" />
    <Field Def="u16 unk01" />
    <Field Def="u16 unk02" />
    <Field Def="u16 face_presets" />
    <Field Def="u16 unk03" />
    <Field Def="s32 item_1" />
    <Field Def="s32 item_2" />
    <Field Def="s32 item_3" />
    <Field Def="s32 item_4" />
    <Field Def="s32 item_5" />
    <Field Def="s32 item_6" />
    <Field Def="s32 item_7" />
    <Field Def="s32 item_8" />
    <Field Def="s32 item_9" />
    <Field Def="s32 item_10" />
    <Field Def="u16 item_amount_1" />
    <Field Def="u16 item_amount_2" />
    <Field Def="u16 item_amount_3" />
    <Field Def="u16 item_amount_4" />
    <Field Def="u16 item_amount_5" />
    <Field Def="u16 item_amount_6" />
    <Field Def="u16 item_amount_7" />
    <Field Def="u16 item_amount_8" />
    <Field Def="u16 item_amount_9" />
    <Field Def="u16 item_amount_10" />
    <Field Def="s32 spell_item_1" />
    <Field Def="s32 spell_item_2" />
    <Field Def="s32 spell_item_3" />
    <Field Def="s32 spell_item_4" />
    <Field Def="s32 spell_item_5" />
    <Field Def="s32 spell_item_6" />
    <Field Def="s32 spell_item_7" />
    <Field Def="s32 spell_item_8" />
    <Field Def="s32 spell_item_9" />
    <Field Def="s32 spell_item_10" />
    <Field Def="s32 right_weapon_item_1" />
    <Field Def="s32 right_weapon_item_2" />
    <Field Def="s32 right_weapon_item_3" />
    <Field Def="s32 left_weapon_item_1" />
    <Field Def="s32 left_weapon_item_2" />
    <Field Def="s32 left_weapon_item_3" />
    <Field Def="s32 head_item" />
    <Field Def="s32 chest_item" />
    <Field Def="s32 hands_item" />
    <Field Def="s32 legs_item" />
    <Field Def="s32 ring_item_1" />
    <Field Def="s32 ring_item_2" />
    <Field Def="s32 ring_item_3" />
    <Field Def="s32 ring_item_4" />
    <Field Def="u32 right_weapon_reinforcement_1" />
    <Field Def="u32 right_weapon_reinforcement_2" />
    <Field Def="u32 right_weapon_reinforcement_3" />
    <Field Def="u32 left_weapon_reinforcement_1" />
    <Field Def="u32 left_weapon_reinforcement_2" />
    <Field Def="u32 left_weapon_reinforcement_3" />
    <Field Def="s32 unk04" />
    <Field Def="s32 player_status_item_id_1" />
    <Field Def="s32 player_status_item_id_2" />
    <Field Def="s32 player_status_item_id_3" />
    <Field Def="s32 unk05" />
    <Field Def="s32 arrow_item_1" />
    <Field Def="s32 arrow_item_2" />
    <Field Def="s32 bolt_item_1" />
    <Field Def="s32 bolt_item_2" />
    <Field Def="u16 arrow_amount_1" />
    <Field Def="u16 arrow_amount_2" />
    <Field Def="u16 bolt_amount_1" />
    <Field Def="u16 bolt_amount_2" />
    <Field Def="s32 gesture_1" />
    <Field Def="s32 gesture_2" />
    <Field Def="s32 gesture_3" />
    <Field Def="s32 gesture_4" />
    <Field Def="s32 gesture_5" />
    <Field Def="s32 gesture_6" />
    <Field Def="s32 gesture_7" />
    <Field Def="s32 gesture_8" />
    <Field Def="u8 covenant" />
    <Field Def="u8 covenant_level" />
    <Field Def="u8 unk06a" />
    <Field Def="u8 unk06b" />
  </Fields>
</PARAMDEF>
