<?xml version="1.0" encoding="utf-8"?>
<PARAMDEF XmlVersion="0">
  <ParamType>RESULT_EVENT_PARAM</ParamType>
  <Unk06>0</Unk06>
  <BigEndian>False</BigEndian>
  <Unicode>True</Unicode>
  <Version>201</Version>
  <Fields>
    <Field Def="u8 Unk00" />
    <Field Def="u8 Unk01" />
    <Field Def="u8 Unk02" />
    <Field Def="u8 Unk03" />
    <Field Def="s32 Unk04" />
    <Field Def="s32 itemlot_id_1" />
    <Field Def="s32 itemlot_id_2" />
    <Field Def="s32 Unk07" />
    <Field Def="s32 Unk08" />
  </Fields>
</PARAMDEF>
