<?xml version="1.0" encoding="utf-8"?>
<PARAMDEF XmlVersion="0">
  <ParamType>SPELL_PARAM</ParamType>
  <Unk06>0</Unk06>
  <BigEndian>False</BigEndian>
  <Unicode>True</Unicode>
  <Version>201</Version>
  <Fields>
    <Field Def="s32 spell_class" />
    <Field Def="s8 Unk00" />
    <Field Def="s8 spell_function" />
    <Field Def="s16 Unk01" />
    <Field Def="u16 int_requirement" />
    <Field Def="u16 fth_requirement" />
    <Field Def="s32 right_bullet_id" />
    <Field Def="s32 right_damage_id" />
    <Field Def="f32 startup_duration" />
    <Field Def="f32 Unk02" />
    <Field Def="s32 startup_anim_1h_left" />
    <Field Def="s32 cast_anim_1h_left" />
    <Field Def="f32 stamina_cost_1h_left" />
    <Field Def="f32 Unk03" />
    <Field Def="f32 Unk04" />
    <Field Def="s32 startup_anim_1h_right" />
    <Field Def="s32 cast_anim_1h_right" />
    <Field Def="f32 stamina_cost_1h_right" />
    <Field Def="f32 Unk05" />
    <Field Def="f32 Unk06" />
    <Field Def="s32 startup_anim_2h_left" />
    <Field Def="s32 cast_anim_2h_left" />
    <Field Def="f32 stamina_cost_2h_left" />
    <Field Def="f32 Unk07" />
    <Field Def="f32 Unk08" />
    <Field Def="s32 startup_anim_2h_right" />
    <Field Def="s32 cast_anim_2h_right" />
    <Field Def="f32 stamina_cost_2h_right" />
    <Field Def="f32 Unk09" />
    <Field Def="f32 Unk10" />
    <Field Def="s32 Unk11" />
    <Field Def="s32 Unk12" />
    <Field Def="f32 Unk13" />
    <Field Def="f32 Unk14" />
    <Field Def="f32 Unk15" />
    <Field Def="s32 Unk16" />
    <Field Def="s32 Unk17" />
    <Field Def="f32 Unk18" />
    <Field Def="f32 Unk19" />
    <Field Def="f32 Unk20" />
    <Field Def="s32 Unk21" />
    <Field Def="s32 Unk22" />
    <Field Def="f32 Unk23" />
    <Field Def="f32 Unk24" />
    <Field Def="f32 Unk25" />
    <Field Def="s32 Unk26" />
    <Field Def="s32 Unk27" />
    <Field Def="f32 Unk28" />
    <Field Def="f32 Unk29" />
    <Field Def="s32 Unk30" />
    <Field Def="s32 Unk31" />
    <Field Def="s32 staff_sfx" />
    <Field Def="u8 is_spawn_on_body" />
    <Field Def="u8 staff_sfx_dmy_poly_id_1" />
    <Field Def="u8 staff_sfx_dmy_poly_id_2" />
    <Field Def="u8 Unk32" />
    <Field Def="f32 Unk33" />
    <Field Def="s32 body_sfx" />
    <Field Def="u8 is_spawn_on_weapon" />
    <Field Def="u8 body_sfx_dmy_poly_id_1" />
    <Field Def="u8 body_sfx_dmy_poly_id_2" />
    <Field Def="u8 Unk34" />
    <Field Def="f32 Unk35" />
    <Field Def="f32 Unk36" />
    <Field Def="f32 Unk37" />
    <Field Def="f32 startup_speed" />
    <Field Def="f32 cast_speed" />
    <Field Def="f32 Unk38" />
    <Field Def="f32 Unk39" />
    <Field Def="u8 slots_used" />
    <Field Def="u8 casts_tier_1" />
    <Field Def="u8 casts_tier_2" />
    <Field Def="u8 casts_tier_3" />
    <Field Def="u8 casts_tier_4" />
    <Field Def="u8 casts_tier_5" />
    <Field Def="u8 casts_tier_6" />
    <Field Def="u8 casts_tier_7" />
    <Field Def="u8 casts_tier_8" />
    <Field Def="u8 casts_tier_9" />
    <Field Def="u8 casts_tier_10" />
    <Field Def="u8 Unk40" />
    <Field Def="s32 spell_soul_consume_id" />
    <Field Def="s32 left_bullet_id" />
    <Field Def="s32 left_damage_id" />
  </Fields>
</PARAMDEF>
