<?xml version="1.0" encoding="utf-8"?>
<PARAMDEF XmlVersion="0">
  <ParamType>SPELL_SOUL_CONSUME_PARAM</ParamType>
  <Unk06>0</Unk06>
  <BigEndian>False</BigEndian>
  <Unicode>True</Unicode>
  <Version>201</Version>
  <Fields>
    <Field Def="s32 drain_all_souls" />
    <Field Def="s32 max_damage_scale_from_souls" />
    <Field Def="s32 bullet_id_1" />
    <Field Def="s32 bullet_id_2" />
    <Field Def="s32 bullet_id_3" />
    <Field Def="s32 bullet_id_4" />
    <Field Def="s32 bullet_id_5" />
    <Field Def="s32 bullet_id_6" />
    <Field Def="s32 bullet_id_7" />
    <Field Def="s32 bullet_id_8" />
    <Field Def="s32 bullet_id_9" />
    <Field Def="s32 bullet_id_10" />
  </Fields>
</PARAMDEF>
