<?xml version="1.0" encoding="utf-8"?>
<PARAMDEF XmlVersion="0">
  <ParamType>WEAPON_ATTACK_MOTION_PARAM</ParamType>
  <Unk06>0</Unk06>
  <BigEndian>False</BigEndian>
  <Unicode>True</Unicode>
  <Version>201</Version>
  <Fields>
    <Field Def="s32 animation_id" />
    <Field Def="s32 attack_type" />
    <Field Def="f32 startup_speed" />
    <Field Def="f32 recovery_speed" />
    <Field Def="f32 tracking_start" />
    <Field Def="f32 tracking_middle" />
    <Field Def="f32 tracking_end" />
    <Field Def="f32 weapon_y_orientation" />
    <Field Def="s32 Unk00" />
    <Field Def="s32 Unk01" />
    <Field Def="u8 Unk02" />
    <Field Def="u8 Unk03" />
    <Field Def="u8 self_pushback_1" />
    <Field Def="u8 self_pushback_2" />
    <Field Def="s32 damage_param_id_1" />
    <Field Def="s32 damage_param_id_2" />
    <Field Def="s32 damage_param_id_3" />
    <Field Def="s32 bullet_on_swing_end_1_1" />
    <Field Def="s32 bullet_on_swing_end_1_2" />
    <Field Def="s32 bullet_on_swing_end_2_1" />
    <Field Def="s32 bullet_on_swing_end_2_2" />
    <Field Def="s32 bullet_on_swing_end_3_1" />
    <Field Def="s32 bullet_on_swing_end_3_2" />
  </Fields>
</PARAMDEF>