<?xml version="1.0" encoding="utf-8"?>
<PARAMDEF XmlVersion="0">
  <ParamType>WEAPON_PARAM</ParamType>
  <Unk06>0</Unk06>
  <BigEndian>False</BigEndian>
  <Unicode>True</Unicode>
  <Version>201</Version>
  <Fields>
    <Field Def="s32 weapon_motion_id" />
    <Field Def="s32 weapon_model_id" />
    <Field Def="s32 weapon_reinforce_id" />
    <Field Def="s32 action_category_id" />
    <Field Def="s32 weapon_type_id" />
    <Field Def="s32 Unk00" />
    <Field Def="s16 str_requirement" />
    <Field Def="s16 dex_requirement" />
    <Field Def="s16 int_requirement" />
    <Field Def="s16 fth_requirement" />
    <Field Def="f32 weight" />
    <Field Def="f32 recovery_animation_weight" />
    <Field Def="f32 max_durability" />
    <Field Def="s32 base_repair_cost" />
    <Field Def="s32 Unk01" />
    <Field Def="f32 stamina_consumption" />
    <Field Def="f32 stamina_damage" />
    <Field Def="s32 weapon_stamina_cost_id" />
    <Field Def="f32 Unk02" />
    <Field Def="f32 Unk03" />
    <Field Def="f32 Unk04" />
    <Field Def="f32 Unk05" />
    <Field Def="s32 player_damage_id_backstab_small" />
    <Field Def="s32 player_damage_id_backstab_medium" />
    <Field Def="s32 player_damage_id_backstab_large" />
    <Field Def="s32 player_damage_id_guardbreak_small" />
    <Field Def="s32 player_damage_id_guardbreak_medium" />
    <Field Def="s32 player_damage_id_guardbreak_large" />
    <Field Def="s32 player_damage_id_riposte_small" />
    <Field Def="s32 player_damage_id_riposte_medium" />
    <Field Def="s32 player_damage_id_riposte_large" />
    <Field Def="f32 unknown_tae_field" />
    <Field Def="s32 Unk06" />
    <Field Def="s32 Unk07" />
    <Field Def="f32 damage_mult" />
    <Field Def="f32 stamina_damage_mult" />
    <Field Def="f32 durability_damage_mult" />
    <Field Def="f32 guard_break_field" />
    <Field Def="f32 status_effect_amount" />
    <Field Def="f32 posture_damage_mult" />
    <Field Def="f32 hitbox_radius" />
    <Field Def="f32 hitbox_length" />
    <Field Def="f32 hitback_radius" />
    <Field Def="f32 hitback_length" />
    <Field Def="s16 damage_type_menu" />
    <Field Def="s16 poise_damage_menu" />
    <Field Def="s16 counter_damage_menu" />
    <Field Def="s16 casting_speed_menu" />
    <Field Def="f32 poise_damage_pvp" />
    <Field Def="f32 poise_damage_pve" />
    <Field Def="f32 hyper_armor_poise_mult" />
  </Fields>
</PARAMDEF>
