﻿<?xml version="1.0" encoding="utf-8"?>
<PARAMMETA XmlVersion="0">
  <Self Row0Dummy="" />
  <Field>
    <sinner_sin_points AltName="Sin Points - Sinner"/>
    <wretch_sin_points AltName="Sin Points - Wretch"/>
    <hollowing_increase_on_death AltName="Hollowing Level Increase on Death"/>
    <hollowing_unknown AltName="Hollowing Level for Unknown"/>
    <hollowing_appearance_change AltName="Hollowing Level Appearance Degradation"/>
    <hp_min_percent AltName="Minimum HP Percentage"/>
    <hp_min_percent_wretch AltName="Minimum HP Percentage - Wretch"/>
    <unknown_percent AltName="Unknown Percentage"/>
    <unknown_percent_wretch AltName="Unknown - Wretch"/>
  </Field>
</PARAMMETA>