﻿<?xml version="1.0" encoding="utf-8"?>
<PARAMMETA XmlVersion="0">
  <Enums>
    <Enum Name="StaggerTypeCategory">
      <Option Value="0" Name=" No Effect" />
      <Option Value="1" Name=" No Effect" />
      <Option Value="2" Name=" Light Attack" />
      <Option Value="3" Name=" Heavy Attack" />
      <Option Value="4" Name=" Successful Guard break" />
      <Option Value="5" Name=" Send Flying" />
      <Option Value="6" Name=" Send Flying" />
      <Option Value="7" Name=" Force Guard break Stun" />
      <Option Value="8" Name=" Knockdown" />
      <Option Value="9" Name=" Force Parry (Short Duration)" />
      <Option Value="10" Name=" Normal Stun" />
      <Option Value="11" Name=" Force Guard break Stun" />
      <Option Value="12" Name=" Long Guard Break Stun" />
      <Option Value="13" Name=" Unknown Variable Behavior" />
      <Option Value="14" Name=" Long Stun" />
      <Option Value="15" Name=" Normal Stun" />
      <Option Value="16" Name=" No Effect" />
      <Option Value="17" Name=" Normal Stun" />
      <Option Value="18" Name=" No Effect" />
      <Option Value="19" Name=" No Effect" />
      <Option Value="20" Name=" No Effect" />
      <Option Value="21" Name=" Very Long Knockdown" />
      <Option Value="22" Name=" No Effect" />
    </Enum>
    <Enum Name="StaggerModeCategory">
      <Option Value="0" Name=" Normal" />
      <Option Value="1" Name=" Ignore Poise" />
      <Option Value="2" Name=" Ignore Poise and Super Armor" />
    </Enum>
    <Enum Name="DamageTypeCategory">
      <Option Value="0" Name=" Strike" />
      <Option Value="1" Name=" Thrust" />
      <Option Value="2" Name=" Slash" />
      <Option Value="3" Name=" Unknown" />
    </Enum>
  </Enums>
  <Self Row0Dummy="" />
  <Field>
    <damage_type AltName="Damage Type" Enum="DamageTypeCategory" />
    <stagger_mode AltName="Stagger Mode" Enum="StaggerModeCategory" />
    <disable_parry AltName="Disable Parry" IsBool="" />
    <damage_guard_bypass_mult AltName="Damage: Guard Bypass Multiplier" Wiki="Amount of damage that bypasses guards. 100 = 100%" />
    <stagger_type AltName="Stagger Type" Enum="StaggerTypeCategory" />
    <is_instant_kill AltName="Is Instant Kill" IsBool="" />
    <posture_damage AltName="Posture Damage" />
    <knockdown_time_mult AltName="Knockdown Time %" />
    <vertical_throw_distance AltName="Vertical Throw Distance" />
    <block_interaction AltName="Block Interaction" />
    <camera_noise_param_id AltName="Camera Noise ID" />
    <pad_rumble_param_id AltName="Pad Rumble ID" />
    <pad_rumble_time AltName="Pad Rumble Duration" />
    <damage_window_category_id AltName="Damage Window Category ID" />
    <instability_time AltName="Instability Duration" />
    <poise_damage AltName="Poise Damage" />
    <tip_hit_min_distance AltName="Tip Hit - Minimum Distance" />
    <tip_hit_max_distance AltName="Tip Hit - Maximum Distance" />
    <tip_hit_damage_mult AltName="Tip Hit - Damage Reduction" />
    <tip_hit_posture_damage_mult AltName="Tip Hit - Posture Damage Reduction" />
    <tip_hit_poise_damage_mult AltName="Tip Hit - Poise Damage Reduction" />
  </Field>
</PARAMMETA>