﻿<?xml version="1.0" encoding="utf-8"?>
<PARAMMETA XmlVersion="0">
  <Self Row0Dummy="" />
  <Field>
    <soul_level AltName="soul Level" />
    <attunement_slots AltName="Attunement Slots" />
    <cast_amount_tier AltName="Cast Amount Tier" />
    <stat_hp AltName="HP" />
    <stat_stamina AltName="Stamina" />
    <stat_max_equip_load AltName="Max Equip Load" />
    <stat_strength_bonus AltName="Strength Bonus" />
    <stat_dexterity_bonus AltName="Dexterity Bonus" />
    <stat_magic_bonus AltName="Magic Bonus" />
    <stat_fire_bonus AltName="Fire Bonus" />
    <stat_lightning_bonus AltName="Lightning Bonus" />
    <stat_dark_bonus AltName="Dark Bonus" />
    <stat_poison_bonus AltName="Poison Bonus" />
    <stat_bleed_bonus AltName="Bleed Bonus" />
    <stat_cast_speed AltName="Cast Speed" />
    <absorption_bleed AltName="Absorption - Bleed" />
    <absorption_poison AltName="Absorption - Poison" />
    <absorption_petrify AltName="Absorption - Petrify" />
    <absorption_curse AltName="Absorption - Curse" />
    <absorption_magic AltName="Absorption - Magic" />
    <absorption_fire AltName="Absorption - Fire" />
    <absorption_lightning AltName="Absorption - Lightning" />
    <absorption_dark AltName="Absorption - Dark" />
    <agility_backstep AltName="Invincibility - Backstep" />
    <agility_roll AltName="Invincibility - Roll" />
    <agility_landing_roll AltName="Invincibility - Landing Roll" />
    <agility_weapon_swap AltName="Weapon Swap Speed" />
    <agility_item_use AltName="Item Use Speed" />
    <agility_block_speed AltName="Blocking Speed" />
    <defence_physical AltName="Physical Defense" />
    <non_vigor_hp_stat_gain AltName="Non-Vigor HP Per Stat" />
    <stat_mundane_scaling AltName="Mundane Scaling" />
    <stat_poise AltName="Poise" />
  </Field>
</PARAMMETA>