﻿<?xml version="1.0" encoding="utf-8"?>
<PARAMMETA XmlVersion="0">
  <Self Row0Dummy="" />
  <Field>
    <reinforce_soul_cost_1 AltName="+1 - Soul Cost" />
    <reinforce_soul_cost_2 AltName="+2 - Soul Cost" />
    <reinforce_soul_cost_3 AltName="+3 - Soul Cost" />
    <reinforce_soul_cost_4 AltName="+4 - Soul Cost" />
    <reinforce_soul_cost_5 AltName="+5 - Soul Cost" />
    <reinforce_soul_cost_6 AltName="+6 - Soul Cost" />
    <reinforce_soul_cost_7 AltName="+7 - Soul Cost" />
    <reinforce_soul_cost_8 AltName="+8 - Soul Cost" />
    <reinforce_soul_cost_9 AltName="+9 - Soul Cost" />
    <reinforce_soul_cost_10 AltName="+10 - Soul Cost" />
    <reinforce_material_1 AltName="+1 - Material" Refs="ItemParam" />
    <reinforce_material_2 AltName="+2 - Material" Refs="ItemParam" />
    <reinforce_material_3 AltName="+3 - Material" Refs="ItemParam" />
    <reinforce_material_4 AltName="+4 - Material" Refs="ItemParam" />
    <reinforce_material_5 AltName="+5 - Material" Refs="ItemParam" />
    <reinforce_material_6 AltName="+6 - Material" Refs="ItemParam" />
    <reinforce_material_7 AltName="+7 - Material" Refs="ItemParam" />
    <reinforce_material_8 AltName="+8 - Material" Refs="ItemParam" />
    <reinforce_material_9 AltName="+9 - Material" Refs="ItemParam" />
    <reinforce_material_10 AltName="+10 - Material" Refs="ItemParam" />
    <reinforce_amount_1 AltName="+1 - Material Amount" />
    <reinforce_amount_2 AltName="+2 - Material Amount" />
    <reinforce_amount_3 AltName="+3 - Material Amount" />
    <reinforce_amount_4 AltName="+4 - Material Amount" />
    <reinforce_amount_5 AltName="+5 - Material Amount" />
    <reinforce_amount_6 AltName="+6 - Material Amount" />
    <reinforce_amount_7 AltName="+7 - Material Amount" />
    <reinforce_amount_8 AltName="+8 - Material Amount" />
    <reinforce_amount_9 AltName="+9 - Material Amount" />
    <reinforce_amount_10 AltName="+10 - Material Amount" />
  </Field>
</PARAMMETA>