﻿<?xml version="1.0" encoding="utf-8"?>
<PARAMMETA XmlVersion="0">
  <Self Row0Dummy="" />
  <Field>
    <drain_all_souls AltName="Drain All Souls" />
    <max_damage_scale_from_souls AltName="Max Damage Scale (Souls)" />
    <bullet_id_1 AltName="Bullet ID" Refs="BulletParam" />
    <bullet_id_2 AltName="Bullet ID" Refs="BulletParam" />
    <bullet_id_3 AltName="Bullet ID" Refs="BulletParam" />
    <bullet_id_4 AltName="Bullet ID" Refs="BulletParam" />
    <bullet_id_5 AltName="Bullet ID" Refs="BulletParam" />
    <bullet_id_6 AltName="Bullet ID" Refs="BulletParam" />
    <bullet_id_7 AltName="Bullet ID" Refs="BulletParam" />
    <bullet_id_8 AltName="Bullet ID" Refs="BulletParam" />
    <bullet_id_9 AltName="Bullet ID" Refs="BulletParam" />
    <bullet_id_10 AltName="Bullet ID" Refs="BulletParam" />
  </Field>
</PARAMMETA>