﻿<?xml version="1.0" encoding="utf-8"?>
<PARAMMETA XmlVersion="0">
  <Self Row0Dummy="" />
  <Field>
    <spell_class AltName="Spell Class" />
    <spell_function AltName="Spell Function" />
    <int_requirement AltName="INT Requirement" />
    <fth_requirement AltName="FTH Requirement" />
    <right_bullet_id AltName="Bullet ID - Right Hand" Refs="BulletParam" />
    <right_damage_id AltName="Damage ID - Right Hand" Refs="PlayerDamageParam"/>
    <startup_duration AltName="Startup Duration" />
    <startup_anim_1h_left AltName="Startup Animation ID - 1H Left" />
    <cast_anim_1h_left AltName="Casting Animation ID - 1H Left" />
    <stamina_cost_1h_left AltName="Stamina Cost - 1H Left" />
    <startup_anim_1h_right AltName="Startup Animation ID - 1H Right" />
    <cast_anim_1h_right AltName="Casting Animation ID - 1H Right" />
    <stamina_cost_1h_right AltName="Stamina Cost - 1H Right" />
    <startup_anim_2h_left AltName="Startup Animation ID - 2H Left" />
    <cast_anim_2h_left AltName="Startup Animation ID - 2H Left" />
    <stamina_cost_2h_left AltName="Stamina Cost - 2H Left" />
    <startup_anim_2h_right AltName="Startup Animation ID - 2H Right" />
    <cast_anim_2h_right AltName="Startup Animation ID - 2H Right" />
    <stamina_cost_2h_right AltName="Stamina Cost - 2H Right" />
    <staff_sfx AltName="Staff SFX" />
    <is_spawn_on_body AltName="Spawn on Body" IsBool="" />
    <staff_sfx_dmy_poly_id_1 AltName="Staff SFX Dummy Poly ID [1]" />
    <staff_sfx_dmy_poly_id_2 AltName="Staff SFX DummyPoly ID [2]" />
    <body_sfx AltName="Body SFX" />
    <is_spawn_on_weapon AltName="Spawn on Weapon" IsBool="" />
    <body_sfx_dmy_poly_id_1 AltName="Body SFX DummyPoly ID [1]" />
    <body_sfx_dmy_poly_id_2 AltName="Body SFX DummyPoly ID [2]" />
    <startup_speed AltName="Startup Speed" />
    <cast_speed AltName="Cast Speed" />
    <slots_used AltName="Slots Used" />
    <casts_tier_1 AltName="Casts (Tier 1)" />
    <casts_tier_2 AltName="Casts (Tier 2)" />
    <casts_tier_3 AltName="Casts (Tier 3)" />
    <casts_tier_4 AltName="Casts (Tier 4)" />
    <casts_tier_5 AltName="Casts (Tier 5)" />
    <casts_tier_6 AltName="Casts (Tier 6)" />
    <casts_tier_7 AltName="Casts (Tier 7)" />
    <casts_tier_8 AltName="Casts (Tier 8)" />
    <casts_tier_9 AltName="Casts (Tier 9)" />
    <casts_tier_10 AltName="Casts (Tier 10)" />
    <spell_soul_consume_id AltName="Spell Soul Consume ID" Refs="SpellSoulConsumeParam" />
    <left_bullet_id AltName="Bullet ID - Left Hand" Refs="BulletParam"  />
    <left_damage_id AltName="Damage ID - Left Hand" Refs="PlayerDamageParam"/>
  </Field>
</PARAMMETA>