﻿<?xml version="1.0" encoding="utf-8"?>
<PARAMMETA XmlVersion="0">
  <Self Row0Dummy="" />
  <Field>
    <base_damage_mult AltName="Base Damage %" />
    <level_0_physical_scaling_str AltName="+0 - Physical Scaling: STR" />
    <level_0_physical_scaling_dex AltName="+0 - Physical Scaling: DEX" />
    <level_0_magic_scaling AltName="+0 - Magic Scaling" />
    <level_0_lightning_scaling AltName="+0 - Lightning Scaling" />
    <level_0_fire_scaling AltName="+0 - Fire Scaling" />
    <level_0_dark_scaling AltName="+0 - Dark Scaling" />
    <level_0_poison_scaling AltName="+0 - Poison Scaling" />
    <level_0_bleed_scaling AltName="+0 - Bleed Scaling" />
    <level_0_unk AltName="+0 - Unknown Scaling" />
    <level_1_physical_scaling_str AltName="+1 - Physical Scaling: STR" />
    <level_1_physical_scaling_dex AltName="+1 - Physical Scaling: DEX" />
    <level_1_magic_scaling AltName="+1 - Magic Scaling" />
    <level_1_lightning_scaling AltName="+1 - Lightning Scaling" />
    <level_1_fire_scaling AltName="+1 - Fire Scaling" />
    <level_1_dark_scaling AltName="+1 - Dark Scaling" />
    <level_1_poison_scaling AltName="+1 - Poison Scaling" />
    <level_1_bleed_scaling AltName="+1 - Bleed Scaling" />
    <level_1_unk AltName="+1 - Unknown Scaling" />
    <level_2_physical_scaling_str AltName="+2 - Physical Scaling: STR" />
    <level_2_physical_scaling_dex AltName="+2 - Physical Scaling: DEX" />
    <level_2_magic_scaling AltName="+2 - Magic Scaling" />
    <level_2_lightning_scaling AltName="+2 - Lightning Scaling" />
    <level_2_fire_scaling AltName="+2 - Fire Scaling" />
    <level_2_dark_scaling AltName="+2 - Dark Scaling" />
    <level_2_poison_scaling AltName="+2 - Poison Scaling" />
    <level_2_bleed_scaling AltName="+2 - Bleed Scaling" />
    <level_2_unk AltName="+2 - Unknown Scaling" />
    <level_3_physical_scaling_str AltName="+3 - Physical Scaling: STR" />
    <level_3_physical_scaling_dex AltName="+3 - Physical Scaling: DEX" />
    <level_3_magic_scaling AltName="+3 - Magic Scaling" />
    <level_3_lightning_scaling AltName="+3 - Lightning Scaling" />
    <level_3_fire_scaling AltName="+3 - Fire Scaling" />
    <level_3_dark_scaling AltName="+3 - Dark Scaling" />
    <level_3_poison_scaling AltName="+3 - Poison Scaling" />
    <level_3_bleed_scaling AltName="+3 - Bleed Scaling" />
    <level_3_unk AltName="+3 - Unknown Scaling" />
    <level_4_physical_scaling_str AltName="+4 - Physical Scaling: STR" />
    <level_4_physical_scaling_dex AltName="+4 - Physical Scaling: DEX" />
    <level_4_magic_scaling AltName="+4 - Magic Scaling" />
    <level_4_lightning_scaling AltName="+4 - Lightning Scaling" />
    <level_4_fire_scaling AltName="+4 - Fire Scaling" />
    <level_4_dark_scaling AltName="+4 - Dark Scaling" />
    <level_4_poison_scaling AltName="+4 - Poison Scaling" />
    <level_4_bleed_scaling AltName="+4 - Bleed Scaling" />
    <level_4_unk AltName="+4 - Unknown Scaling" />
    <level_5_physical_scaling_str AltName="+5 - Physical Scaling: STR" />
    <level_5_physical_scaling_dex AltName="+5 - Physical Scaling: DEX" />
    <level_5_magic_scaling AltName="+5 - Magic Scaling" />
    <level_5_lightning_scaling AltName="+5 - Lightning Scaling" />
    <level_5_fire_scaling AltName="+5 - Fire Scaling" />
    <level_5_dark_scaling AltName="+5 - Dark Scaling" />
    <level_5_poison_scaling AltName="+5 - Poison Scaling" />
    <level_5_bleed_scaling AltName="+5 - Bleed Scaling" />
    <level_5_unk AltName="+5 - Unknown Scaling" />
    <level_6_physical_scaling_str AltName="+6 - Physical Scaling: STR" />
    <level_6_physical_scaling_dex AltName="+6 - Physical Scaling: DEX" />
    <level_6_magic_scaling AltName="+6 - Magic Scaling" />
    <level_6_lightning_scaling AltName="+6 - Lightning Scaling" />
    <level_6_fire_scaling AltName="+6 - Fire Scaling" />
    <level_6_dark_scaling AltName="+6 - Dark Scaling" />
    <level_6_poison_scaling AltName="+6 - Poison Scaling" />
    <level_6_bleed_scaling AltName="+6 - Bleed Scaling" />
    <level_6_unk AltName="+6 - Unknown Scaling" />
    <level_7_physical_scaling_str AltName="+7 - Physical Scaling: STR" />
    <level_7_physical_scaling_dex AltName="+7 - Physical Scaling: DEX" />
    <level_7_magic_scaling AltName="+7 - Magic Scaling" />
    <level_7_lightning_scaling AltName="+7 - Lightning Scaling" />
    <level_7_fire_scaling AltName="+7 - Fire Scaling" />
    <level_7_dark_scaling AltName="+7 - Dark Scaling" />
    <level_7_poison_scaling AltName="+7 - Poison Scaling" />
    <level_7_bleed_scaling AltName="+7 - Bleed Scaling" />
    <level_7_unk AltName="+7 - Unknown Scaling" />
    <level_8_physical_scaling_str AltName="+8 - Physical Scaling: STR" />
    <level_8_physical_scaling_dex AltName="+8 - Physical Scaling: DEX" />
    <level_8_magic_scaling AltName="+8 - Magic Scaling" />
    <level_8_lightning_scaling AltName="+8 - Lightning Scaling" />
    <level_8_fire_scaling AltName="+8 - Fire Scaling" />
    <level_8_dark_scaling AltName="+8 - Dark Scaling" />
    <level_8_poison_scaling AltName="+8 - Poison Scaling" />
    <level_8_bleed_scaling AltName="+8 - Bleed Scaling" />
    <level_8_unk AltName="+8 - Unknown Scaling" />
    <level_9_physical_scaling_str AltName="+9 - Physical Scaling: STR" />
    <level_9_physical_scaling_dex AltName="+9 - Physical Scaling: DEX" />
    <level_9_magic_scaling AltName="+9 - Magic Scaling" />
    <level_9_lightning_scaling AltName="+9 - Lightning Scaling" />
    <level_9_fire_scaling AltName="+9 - Fire Scaling" />
    <level_9_dark_scaling AltName="+9 - Dark Scaling" />
    <level_9_poison_scaling AltName="+9 - Poison Scaling" />
    <level_9_bleed_scaling AltName="+9 - Bleed Scaling" />
    <level_9_unk AltName="+9 - Unknown Scaling" />
    <level_10_physical_scaling_str AltName="+10 - Physical Scaling: STR" />
    <level_10_physical_scaling_dex AltName="+10 - Physical Scaling: DEX" />
    <level_10_magic_scaling AltName="+10 - Magic Scaling" />
    <level_10_lightning_scaling AltName="+10 - Lightning Scaling" />
    <level_10_fire_scaling AltName="+10 - Fire Scaling" />
    <level_10_dark_scaling AltName="+10 - Dark Scaling" />
    <level_10_poison_scaling AltName="+10 - Poison Scaling" />
    <level_10_bleed_scaling AltName="+10 - Bleed Scaling" />
    <level_10_unk AltName="+10 - Unknown Scaling" />
  </Field>
</PARAMMETA>