﻿<?xml version="1.0" encoding="utf-8"?>
<PARAMMETA XmlVersion="0">
  <Self Row0Dummy="" />
  <Field>
    <right_1h_light_1 AltName="Right - 1H Light #1" />
    <right_1h_light_2 AltName="Right - 1H Light #2" />
    <right_1h_heavy_1 AltName="Right - 1H Heavy #1" />
    <right_1h_heavy_2 AltName="Right - 1H Heavy #2" />
    <right_1h_light_run AltName="Right - 1H Light Running" />
    <right_1h_light_roll AltName="Right - 1H Light Rolling" />
    <right_1h_light_backstep AltName="Right - 1H Light Backstep" />
    <right_1h_fall AltName="Right - 1H Falling" />
    <right_1h_land AltName="Right - 1H Landing" />
    <right_1h_jump AltName="Right - 1H Jumping" />
    <right_2h_light_1 AltName="Right - 2H Light #1" />
    <right_2h_light_2 AltName="Right - 2H Light #2" />
    <right_2h_heavy_1 AltName="Right - 2H Heavy #1" />
    <right_2h_heavy_2 AltName="Right - 2H Heavy #2" />
    <right_2h_light_run AltName="Right - 2H Light Running" />
    <right_2h_light_roll AltName="Right - 2H Light Rolling" />
    <right_2h_light_backstep AltName="Right - 2H Light Backstep" />
    <right_2h_fall AltName="Right - 2H Falling" />
    <right_2h_land AltName="Right - 2H Landing" />
    <right_2h_jump AltName="Right - 2H Jumping" />
    <chain_attack_1_1 AltName="Chain 1 #1" />
    <chain_attack_1_2 AltName="Chain 1 #2" />
    <chain_attack_2_1 AltName="Chain 2 #1" />
    <chain_attack_2_2 AltName="Chain 2 #2" />
    <chain_attack_run AltName="Chain Running" />
    <chain_attack_roll AltName="Chain Rolling" />
    <chain_attack_backstep AltName="Chain Backstep" />
    <chain_attack_fall AltName="Chain Falling" />
    <chain_attack_land AltName="Chain Landing" />
    <chain_attack_jump AltName="Chain Jumping" />
    <right_powerstance_light_1 AltName="Right - Powerstance - Light #1" />
    <right_powerstance_light_2 AltName="Right - Powerstance - Light #2" />
    <right_powerstance_heavy_1 AltName="Right - Powerstance - Heavy #1" />
    <right_powerstance_heavy_2 AltName="Right - Powerstance - Heavy #2" />
    <right_powerstance_light_run AltName="Right - Powerstance - Light Running" />
    <right_powerstance_light_roll AltName="Right - Powerstance - Light Rolling" />
    <right_powerstance_light_backstep AltName="Right - Powerstance - Light Backstep" />
    <right_powerstance_fall AltName="Right - Powerstance - Falling" />
    <right_powerstance_land AltName="Right - Powerstance - Landing" />
    <right_powerstance_jump AltName="Right - Powerstance - Jumping" />
    <left_1h_light_1 AltName="Left - 1H Light #1" />
    <left_1h_light_2 AltName="Left - 1H Light #2" />
    <left_1h_heavy_1 AltName="Left - 1H Heavy #1" />
    <left_1h_heavy_2 AltName="Left - 1H Heavy #2" />
    <left_1h_light_run AltName="Left - 1H Light Running" />
    <left_1h_light_roll AltName="Left - 1H Light Rolling" />
    <left_1h_light_backstep AltName="Left - 1H Light Backstep" />
    <left_1h_light_fall AltName="Left - 1H Falling" />
    <left_1h_light_land AltName="Left - 1H Landing" />
    <left_1h_light_jump AltName="Left - 1H Jumping" />
    <left_2h_light_1 AltName="Left - 2H Light" />
    <left_2h_heavy_1 AltName="Left - 2H Heavy" />
    <left_powerstance_light_1 AltName="Left - Powerstance - Light #1" />
    <left_powerstance_light_2 AltName="Left - Powerstance - Light #2" />
    <left_powerstance_heavy_1 AltName="Left - Powerstance - Heavy" />
    <guard_break_1 AltName="Guard Break #1" />
    <guard_break_2 AltName="Guard Break #2" />
    <shield_poke_1_1 AltName="Shield Poke 1 #1" />
    <shield_poke_1_2 AltName="Shield Poke 1 #2" />
    <shield_poke_2_1 AltName="Shield Poke 2 #1" />
    <shield_poke_2_2 AltName="Shield Poke 2 #2" />
    <riposte AltName="Riposte" />
    <guard_break_stab AltName="Guard Break Stab" />
    <backstab AltName="Backstab" />
  </Field>
</PARAMMETA>