﻿<?xml version="1.0" encoding="utf-8"?>
<PARAMMETA XmlVersion="0">
  <Self Row0Dummy="" />
  <Field>
    <right_1h_light_1 AltName="Right - 1H Light #1" Refs="WeaponAttackMotionParam" />
    <right_1h_light_2 AltName="Right - 1H Light #2" Refs="WeaponAttackMotionParam" />
    <right_1h_heavy_1 AltName="Right - 1H Heavy #1" Refs="WeaponAttackMotionParam" />
    <right_1h_heavy_2 AltName="Right - 1H Heavy #2" Refs="WeaponAttackMotionParam" />
    <right_1h_light_run AltName="Right - 1H Light Running" Refs="WeaponAttackMotionParam" />
    <right_1h_light_roll AltName="Right - 1H Light Rolling" Refs="WeaponAttackMotionParam" />
    <right_1h_light_backstep AltName="Right - 1H Light Backstep" Refs="WeaponAttackMotionParam" />
    <right_1h_fall AltName="Right - 1H Falling" Refs="WeaponAttackMotionParam" />
    <right_1h_land AltName="Right - 1H Landing" Refs="WeaponAttackMotionParam" />
    <right_1h_jump AltName="Right - 1H Jumping" Refs="WeaponAttackMotionParam" />
    <right_2h_light_1 AltName="Right - 2H Light #1" Refs="WeaponAttackMotionParam" />
    <right_2h_light_2 AltName="Right - 2H Light #2" Refs="WeaponAttackMotionParam" />
    <right_2h_heavy_1 AltName="Right - 2H Heavy #1" Refs="WeaponAttackMotionParam" />
    <right_2h_heavy_2 AltName="Right - 2H Heavy #2" Refs="WeaponAttackMotionParam" />
    <right_2h_light_run AltName="Right - 2H Light Running" Refs="WeaponAttackMotionParam" />
    <right_2h_light_roll AltName="Right - 2H Light Rolling" Refs="WeaponAttackMotionParam" />
    <right_2h_light_backstep AltName="Right - 2H Light Backstep" Refs="WeaponAttackMotionParam" />
    <right_2h_fall AltName="Right - 2H Falling" Refs="WeaponAttackMotionParam" />
    <right_2h_land AltName="Right - 2H Landing" Refs="WeaponAttackMotionParam" />
    <right_2h_jump AltName="Right - 2H Jumping" Refs="WeaponAttackMotionParam" />
    <chain_attack_1_1 AltName="Chain 1 #1" Refs="WeaponAttackMotionParam" />
    <chain_attack_1_2 AltName="Chain 1 #2" Refs="WeaponAttackMotionParam" />
    <chain_attack_2_1 AltName="Chain 2 #1" Refs="WeaponAttackMotionParam" />
    <chain_attack_2_2 AltName="Chain 2 #2" Refs="WeaponAttackMotionParam" />
    <chain_attack_run AltName="Chain Running" Refs="WeaponAttackMotionParam" />
    <chain_attack_roll AltName="Chain Rolling" Refs="WeaponAttackMotionParam" />
    <chain_attack_backstep AltName="Chain Backstep" Refs="WeaponAttackMotionParam" />
    <chain_attack_fall AltName="Chain Falling" Refs="WeaponAttackMotionParam" />
    <chain_attack_land AltName="Chain Landing" Refs="WeaponAttackMotionParam" />
    <chain_attack_jump AltName="Chain Jumping" Refs="WeaponAttackMotionParam" />
    <right_powerstance_light_1 AltName="Right - Powerstance - Light #1" Refs="WeaponAttackMotionParam" />
    <right_powerstance_light_2 AltName="Right - Powerstance - Light #2" Refs="WeaponAttackMotionParam" />
    <right_powerstance_heavy_1 AltName="Right - Powerstance - Heavy #1" Refs="WeaponAttackMotionParam" />
    <right_powerstance_heavy_2 AltName="Right - Powerstance - Heavy #2" Refs="WeaponAttackMotionParam" />
    <right_powerstance_light_run AltName="Right - Powerstance - Light Running" Refs="WeaponAttackMotionParam" />
    <right_powerstance_light_roll AltName="Right - Powerstance - Light Rolling" Refs="WeaponAttackMotionParam" />
    <right_powerstance_light_backstep AltName="Right - Powerstance - Light Backstep" Refs="WeaponAttackMotionParam" />
    <right_powerstance_fall AltName="Right - Powerstance - Falling" Refs="WeaponAttackMotionParam" />
    <right_powerstance_land AltName="Right - Powerstance - Landing" Refs="WeaponAttackMotionParam" />
    <right_powerstance_jump AltName="Right - Powerstance - Jumping" Refs="WeaponAttackMotionParam" />
    <left_1h_light_1 AltName="Left - 1H Light #1" Refs="WeaponAttackMotionParam" />
    <left_1h_light_2 AltName="Left - 1H Light #2" Refs="WeaponAttackMotionParam" />
    <left_1h_heavy_1 AltName="Left - 1H Heavy #1" Refs="WeaponAttackMotionParam" />
    <left_1h_heavy_2 AltName="Left - 1H Heavy #2" Refs="WeaponAttackMotionParam" />
    <left_1h_light_run AltName="Left - 1H Light Running" Refs="WeaponAttackMotionParam" />
    <left_1h_light_roll AltName="Left - 1H Light Rolling" Refs="WeaponAttackMotionParam" />
    <left_1h_light_backstep AltName="Left - 1H Light Backstep" Refs="WeaponAttackMotionParam" />
    <left_1h_light_fall AltName="Left - 1H Falling" Refs="WeaponAttackMotionParam" />
    <left_1h_light_land AltName="Left - 1H Landing" Refs="WeaponAttackMotionParam" />
    <left_1h_light_jump AltName="Left - 1H Jumping" Refs="WeaponAttackMotionParam" />
    <left_2h_light_1 AltName="Left - 2H Light" Refs="WeaponAttackMotionParam" />
    <left_2h_heavy_1 AltName="Left - 2H Heavy" Refs="WeaponAttackMotionParam" />
    <left_powerstance_light_1 AltName="Left - Powerstance - Light #1" Refs="WeaponAttackMotionParam" />
    <left_powerstance_light_2 AltName="Left - Powerstance - Light #2" Refs="WeaponAttackMotionParam" />
    <left_powerstance_heavy_1 AltName="Left - Powerstance - Heavy" Refs="WeaponAttackMotionParam" />
    <guard_break_1 AltName="Guard Break #1" Refs="WeaponAttackMotionParam" />
    <guard_break_2 AltName="Guard Break #2" Refs="WeaponAttackMotionParam" />
    <shield_poke_1_1 AltName="Shield Poke 1 #1" Refs="WeaponAttackMotionParam" />
    <shield_poke_1_2 AltName="Shield Poke 1 #2" Refs="WeaponAttackMotionParam" />
    <shield_poke_2_1 AltName="Shield Poke 2 #1" Refs="WeaponAttackMotionParam" />
    <shield_poke_2_2 AltName="Shield Poke 2 #2" Refs="WeaponAttackMotionParam" />
    <riposte AltName="Riposte" Refs="WeaponAttackMotionParam" />
    <guard_break_stab AltName="Guard Break Stab" Refs="WeaponAttackMotionParam" />
    <backstab AltName="Backstab" Refs="WeaponAttackMotionParam" />
  </Field>
</PARAMMETA>