﻿<?xml version="1.0" encoding="utf-8"?>
<PARAMMETA XmlVersion="0">
  <Self Row0Dummy="" />
  <Field>
    <animation_id AltName="Animation ID" />
    <attack_type AltName="Attack Type" />
    <startup_speed AltName="Startup Speed" />
    <recovery_speed AltName="Recovery Speed" />
    <tracking_start AltName="Tracking Start" />
    <tracking_middle AltName="Tracking Middle" />
    <tracking_end AltName="Tracking End" />
    <weapon_y_orientation AltName="Weapon Y Orientation" />
    <self_pushback_1 AltName="Self Pushback 1" />
    <self_pushback_2 AltName="Self Pushback 2" />
    <damage_param_id_1 AltName="Damage Param ID 1" Refs="PlayerDamageParam" />
    <damage_param_id_2 AltName="Damage Param ID 2" Refs="PlayerDamageParam" />
    <damage_param_id_3 AltName="Damage Param ID 3" Refs="PlayerDamageParam" />
    <bullet_on_swing_end_1_1 AltName="Swing 1 - Bullet on Swing End [1]" Refs="BulletParam,EnemyBulletParam,SpellParam" />
    <bullet_on_swing_end_1_2 AltName="Swing 1 - Bullet on Swing End [2]" Refs="BulletParam,EnemyBulletParam,SpellParam" />
    <bullet_on_swing_end_2_1 AltName="Swing 2 - Bullet on Swing End [1]" Refs="BulletParam,EnemyBulletParam,SpellParam" />
    <bullet_on_swing_end_2_2 AltName="Swing 2 - Bullet on Swing End [2]" Refs="BulletParam,EnemyBulletParam,SpellParam" />
    <bullet_on_swing_end_3_1 AltName="Swing 3 - Bullet on Swing End [1]" Refs="BulletParam,EnemyBulletParam,SpellParam" />
    <bullet_on_swing_end_3_2 AltName="Swing 3 - Bullet on Swing End [2]" Refs="BulletParam,EnemyBulletParam,SpellParam" />
  </Field>
</PARAMMETA>